n_components,explained_variance_ratio_sum,Recall@1,Recall@3,Recall@5,Recall@10,MRR@10,n,hits@1,hits@3,hits@5,hits@10,rr_sum
25,0.23456580703432683,0.37037037037037035,0.5925925925925926,0.6666666666666666,0.8518518518518519,0.4988095238095238,27,10,16,18,23,13.467857142857143
50,0.369036021041469,0.37037037037037035,0.7407407407407407,0.7777777777777778,0.8888888888888888,0.5460905349794238,27,10,20,21,24,14.744444444444444
75,0.48035542866265946,0.48148148148148145,0.7037037037037037,0.7037037037037037,0.8518518518518519,0.5951646090534979,27,13,19,19,23,16.069444444444443
100,0.581130686732676,0.5555555555555556,0.7407407407407407,0.8148148148148148,0.8518518518518519,0.6570987654320988,27,15,20,22,23,17.741666666666667
150,0.7567820300752375,0.5555555555555556,0.7777777777777778,0.8148148148148148,0.8148148148148148,0.6555555555555556,27,15,21,22,22,17.7
200,0.9042223788467177,0.6296296296296297,0.8148148148148148,0.8148148148148148,0.8148148148148148,0.7037037037037037,27,17,22,22,22,19.0
