comparison,metric,difference,ci_95_low,ci_95_high,bootstrap_p_approx
BM25+LSA hybrid - BM25,Recall@1,0.0,-0.05128205128205128,0.05128205128205128,1.0
BM25+LSA hybrid - BM25,Recall@3,0.01282051282051282,-0.038461538461538464,0.0641025641025641,0.8072
BM25+LSA hybrid - BM25,Recall@5,-0.02564102564102564,-0.0641025641025641,0.0,0.2774
BM25+LSA hybrid - BM25,MRR@10,0.0057539682539682535,-0.02234508547008547,0.03429525335775335,0.6794
