method,test_questions_total,answerable_test_questions,unanswerable_test_questions,Recall@1,Recall@1_count,Recall@3,Recall@3_count,Recall@5,Recall@5_count,MRR@10,RR_sum
BM25,90,78,12,0.6025641025641025,47/78,0.8076923076923077,63/78,0.8974358974358975,70/78,0.7184065934065934,56.035714285714285
TF-IDF+LSA,90,78,12,0.5256410256410257,41/78,0.8076923076923077,63/78,0.8717948717948718,68/78,0.6685897435897437,52.150000000000006
BM25+LSA hybrid,90,78,12,0.6025641025641025,47/78,0.8205128205128205,64/78,0.8717948717948718,68/78,0.7241605616605618,56.484523809523814
